,Count,word
5,1813,trump
10,1532,realdonaldtrump
17,871,thank you
24,609,amp
27,567,will be
30,533,hillary
31,521,makeamericagreatagain
37,484,america
39,450,rt
41,443,people
46,362,poll
48,353,i will
52,340,of the
58,323,donald
61,309,clinton
63,303,cnn
66,287,foxnews
67,267,president
72,259,vote
73,259,in the
74,258,debate
77,244,make america
78,244,tonight
79,243,great again
81,240,time
82,238,is a
86,225,cruz
87,223,crooked
88,223,donald trump
95,212,i am
96,212,america great
97,212,i will be
98,207,america great again
99,204,make america great
102,197,country
104,193,crooked hillary
105,191,for the
112,185,hillary clinton
114,178,a great
118,177,iowa
120,174,watch
124,173,win
127,167,night
128,166,to be
129,163,love
131,161,at pm
132,161,makeamericagreatagain trump
133,160,media
134,160,enjoy
135,158,polls
136,158,bad
137,156,gop
139,155,support
140,153,tomorrow
143,150,job
145,149,on the
146,148,going to
149,147,campaign
150,146,rubio
152,145,interviewed
153,143,nice
154,143,jeb
155,142,wow
156,141,amazing
158,141,we will
159,140,crowd
161,138,ted
162,137,is the
168,131,be interviewed
169,130,will be interviewed
170,127,to the
171,127,obama
175,122,join me
176,121,speech
178,119,day
181,115,it is
183,115,bush
184,112,i have
185,111,american
187,111,megynkelly
188,110,news
189,110,ted cruz
190,110,you for
191,110,carolina
193,109,republican
194,108,florida
195,108,we are
196,108,maga
197,107,at the
200,106,morning
201,106,jobs
202,106,new hampshire
203,106,hampshire
204,105,trump is
205,105,all of
208,104,interview
210,103,live
211,103,rally
212,103,thank you for
215,100,foxandfriends
218,99,ohio
220,98,candidate
222,97,he is
224,97,totally
225,97,the people
230,95,seanhannity
231,94,national
232,94,at am
236,92,total
237,91,money
238,91,interviewed on
239,91,fox
241,90,our country
242,90,danscavino
244,89,you are
247,87,votetrump
248,87,be interviewed on
250,87,the only
253,85,last night
254,85,be on
255,85,we need
256,84,for your
260,82,isis
261,81,true
263,81,mr trump
264,80,deal
265,80,donaldtrump
266,80,lead
267,79,presidential
269,79,oreillyfactor
270,79,bernie
271,79,real
272,79,dishonest
274,79,me in
275,79,marco
278,78,draintheswamp
279,78,jebbush
280,78,south
281,78,for a
282,78,americafirst
283,77,will make
284,77,immigration
285,77,to make
287,76,carson
288,76,failing
289,76,have been
290,76,this is
291,76,out of
292,76,ratings
294,75,the debate
295,75,by the
297,75,tonight at
299,74,illegal
300,74,hope
302,74,realdonaldtrump is
303,74,and the
304,73,will be on
305,73,watching
306,73,wonderful
307,73,want to
308,73,video
309,73,talk
311,72,with the
312,72,that i
313,72,crooked hillary clinton
314,72,teamtrump
315,72,nytimes
316,72,supporters
319,71,election
320,71,guy
325,69,south carolina
326,69,story
327,69,so much
328,68,vote for
330,68,get out
331,68,special
332,68,the great
333,68,the media
334,67,lost
335,67,forward to
337,67,failed
339,66,you to
341,66,fantastic
342,65,they are
343,65,debates
344,65,women
345,65,in new
346,65,sad
348,64,hillaryclinton
349,64,one of
350,64,beat
351,64,a big
355,63,person
356,63,veterans
357,62,trump makeamericagreatagain
358,62,on foxnews
359,62,imwithyou
360,62,new york
362,62,truth
363,62,york
364,62,record
366,61,see you
367,61,john
368,61,wall
370,61,to get
373,61,tough
375,60,book
376,60,change
377,59,safe
378,59,a total
379,59,trumps
380,59,of my
381,59,weak
384,59,the republican
385,59,will make america
386,58,marco rubio
387,58,honor
388,58,massive
389,58,realdonaldtrump i
390,58,voters
391,58,kasich
392,58,had a
393,58,jeb bush
394,58,talking
396,58,join me in
398,58,family
399,58,this morning
401,58,abc
402,57,morningjoe
404,57,bigleaguetruth
405,57,hard
406,57,rt danscavino
408,57,in iowa
409,57,erictrump
410,56,on cnn
412,56,border
413,56,remember
415,56,in a
416,56,tickets
417,56,for president
418,56,ads
419,55,strong
421,55,smart
422,55,great job
424,55,party
426,54,voting
427,54,senator
428,54,is not
429,54,have a
430,54,usa
431,54,politicians
432,54,movement
433,53,for trump
435,53,virginia
436,53,pennsylvania
438,52,millions
439,52,nevada
443,52,thank you to
444,52,it was
445,52,the best
447,51,she is
450,50,gopdebate
452,50,evening
453,50,to do
454,50,disaster
456,50,americans
457,49,are going
458,49,happy
459,49,all of the
460,49,on foxandfriends
461,49,i love
462,49,to vote
463,49,sanders
465,49,so many
466,49,was a
467,49,people of
468,49,i was
469,49,terrible
470,49,endorsement
471,49,wants to
472,49,yesterday
475,48,be in
476,48,dc
477,48,agree
478,48,a very
479,48,read
480,48,history
482,48,is so
483,47,be the
484,47,obamacare
485,47,emails
486,47,has been
487,47,we will make
489,47,trumptrain
490,47,and i
491,46,event
492,46,lies
493,46,to make america
494,46,running
495,46,you for your
496,46,wisconsin
498,45,from the
499,45,about me
501,45,candidates
503,45,watched
505,45,drudgereport
506,45,this country
507,45,vets
508,45,rt teamtrump
509,45,leader
510,45,hear
511,45,north
512,44,bring
513,44,the us
515,44,potus
516,44,establishment
517,44,realdonaldtrump trump
519,44,coming
520,44,arizona
522,44,the gop
523,44,the most
524,44,like a
526,43,time to
527,43,washington
528,43,would be
529,43,wrong
530,43,hit
531,43,politics
534,43,to win
535,43,winning
536,43,is going
537,43,the failing
538,42,be a
539,42,leaving
540,42,the truth
541,42,one of the
543,42,to my
544,42,race
545,42,attack
547,42,tonight at pm
548,42,iran
549,42,interviewed by
551,42,be back
552,42,are going to
553,41,lightweight
554,41,north carolina
557,41,colorado
558,41,law
559,41,illegal immigration
560,41,the polls
561,41,greta
562,41,biased
563,41,realdonaldtrump you
564,41,the american
567,41,primary
568,40,worst
570,40,i want
572,40,leading
573,40,badly
574,40,clintons
575,40,wsj
576,40,your support
577,40,fight
578,40,what a
579,40,as a
580,40,proud of
581,39,false
582,39,of our
583,39,i dont
584,39,times
585,39,the new
587,39,major
588,39,all the
589,39,told
590,39,lyin
591,39,political
592,39,heading
593,39,phony
594,39,bernie sanders
595,39,governor
596,39,negative
597,38,united
598,38,lot
599,38,meeting
600,38,saturday
601,38,in new hampshire
606,38,rigged
607,38,he will
609,38,is in
611,38,are the
612,38,trumppence
613,38,romney
614,38,he was
615,38,love you
616,38,should be
618,37,about the
619,37,ivankatrump
620,37,office
621,37,crookedhillary
622,37,mikepence
623,37,winner
624,37,texas
625,37,nation
626,37,talking about
627,37,not a
628,37,incredible
629,36,indiana
630,36,failing nytimes
631,36,to see
632,36,will not
633,36,he has
635,36,house
636,36,will be back
637,36,to have
638,36,post
639,36,left
641,36,donaldjtrumpjr
642,36,need to
643,36,people are
645,36,i said
646,36,energy
647,36,press
649,36,that the
650,36,on me
651,36,spent
652,36,trade
653,35,against me
654,35,statement
655,35,will win
658,35,tax
659,35,will never
660,35,leadership
661,35,nbc
662,35,is the only
664,35,lyin ted
666,35,the world
667,35,policy
668,35,to all
669,35,be interviewed by
672,35,only one
673,34,report
674,34,released
675,34,chris
676,34,snl
677,34,out and
678,34,mccain
679,34,hillarys
680,34,wait
681,34,we must
683,34,make america safe
684,34,chance
685,34,president obama
686,34,america safe
687,34,for all
688,34,called
689,34,you have
690,34,a lot
691,34,crowds
693,33,economy
694,33,woman
695,33,care
696,33,the people of
698,33,great people
699,33,finally
700,33,by a
701,33,pme
702,33,highly
703,33,michigan
704,33,email
705,33,business
706,33,fair
707,33,plan
708,33,will be in
710,33,leads
711,32,to run
712,32,state of
713,32,we are going
714,32,radical
715,32,out amp
716,32,clinton is
717,32,trump for
718,32,for you
719,32,it will
721,32,to take
725,32,minutes
726,32,you trump
727,32,center
728,32,if you
729,32,dumb
730,32,united states
731,32,the way
732,31,look forward
735,31,reporting
736,31,and a
737,31,allowed
739,31,together we
740,31,great honor
741,31,realdonaldtrump will
744,31,loves
745,31,heading to
747,31,millions of
748,31,taxes
749,31,crazy
750,31,anncoulter
751,31,for realdonaldtrump
752,31,ready
753,31,lie
754,31,for our
755,31,week
756,31,won the
759,31,democrats
760,31,worse
761,31,questions
762,31,karlrove
764,31,the failing nytimes
765,31,horrible
767,30,demdebate
768,30,tedcruz
769,30,looking forward
770,30,pay
771,30,just out
772,30,spending
773,30,of a
774,30,word
775,30,stand
776,30,crippled
777,30,i would
778,30,on my
779,30,crippled america
780,30,in florida
781,30,with a
782,30,look forward to
783,30,of you
784,30,california
785,30,i think
786,30,if i
787,30,borders
788,30,looking forward to
789,30,twitter
790,30,police
791,30,cant wait
792,30,poll numbers
793,30,fitn
794,30,me on
796,30,fast
797,29,join us
798,29,hillary clinton is
799,29,the united
800,29,foxandfriends at
801,29,speaking
802,29,is now
803,29,a disaster
804,29,convention
807,29,back soon
808,29,life
809,29,mexico
810,29,mess
811,29,on seanhannity
812,29,new poll
813,29,save
814,29,ben
816,29,thousands
817,29,when he
818,29,voted
819,29,trump thank
820,29,there is
821,29,you were
823,29,trump thank you
824,29,the only one
825,29,https
826,29,the trump
827,28,rt erictrump
828,28,would have
829,28,unbelievable
830,28,beautiful
831,28,will do
832,28,get out amp
833,28,wins
834,28,tomorrow at
835,28,fun
836,28,friends
837,28,trump will
838,28,for your support
839,28,the united states
840,28,that is
841,28,we have
842,28,are not
844,28,michaelcohen
846,28,must be
848,28,go to
849,28,correct
850,28,trying to
851,28,not be
852,28,way to
854,28,do you
855,28,protect
856,28,joke
858,28,politician
859,28,more than
860,27,killed
861,27,signing
862,27,dems
863,27,on foxandfriends at
864,27,melania
865,27,politico
866,27,next president
867,27,beat hillary
868,27,many people
869,27,icymi
870,27,happen
871,27,close
872,27,judgement
873,27,days
874,27,to me
875,27,nice words
876,27,trump is the
877,27,respect
878,27,job on
879,27,wife
880,27,when i
881,27,the worst
882,27,realdonaldtrump we
883,27,vegas
884,27,the same
885,27,thank you america
886,27,friend
887,27,loved
888,27,at pme
889,27,talk about
890,27,you america
891,27,such a
892,27,the last
893,27,interview with
894,27,you so
895,27,islamic
897,27,tremendous
898,27,for me
899,26,who is
901,26,check
903,26,poll trump
904,26,donald trump is
905,26,my campaign
906,26,apologize
907,26,white
908,26,tuesday
909,26,to a
910,26,better than
911,26,realdonaldtrump the
912,26,rally in
913,26,cruz is
914,26,together we will
918,26,you soon
919,26,a good
920,26,speak
921,26,to talk
922,26,how to
923,26,i hope
924,26,stage
925,26,foreign
926,26,congratulations
927,26,elizabeth
928,26,you will
929,26,votes
930,26,have the
931,26,you makeamericagreatagain
932,26,forget
934,26,big crowd
935,26,nh
936,26,i won
938,25,our next
939,25,message
940,25,american people
941,25,military
942,25,great interview
943,25,the border
944,25,and vote
945,25,warren
946,25,see you soon
947,25,street
949,25,republican party
950,25,much better
951,25,iacaucus
952,25,are a
956,25,reagan
957,25,fbi
958,25,leaders
959,25,she has
960,25,terrorism
961,25,said that
963,25,to watch
964,25,no one
966,25,into the
967,25,cbs
968,25,television
969,25,amp the
970,25,victory
971,25,is going to
972,25,mitt
974,24,tune
975,24,biggest
977,24,be back soon
978,24,up the
979,24,choice
980,24,thebrodyfile
981,24,incompetent
982,24,great day
983,24,repeal
984,24,we can
985,24,interviewed on foxandfriends
986,24,las
987,24,the american people
988,24,boring
989,24,out to
990,24,to go
991,24,a major
992,24,get out and
994,24,you can
995,24,china
996,24,paul
997,24,cbsnews
998,24,so true
999,24,las vegas
1000,24,on fox
1001,24,thank you trump
1002,24,am in
1003,24,to talk about
1005,24,all over
1006,24,enforcement
1007,24,the next
1008,24,joenbc
1009,24,delegates
1010,24,with realdonaldtrump
1011,24,goofy
1013,24,hillary is
1014,24,pathetic
1016,23,did not
1017,23,todayshow
1018,23,just released
1019,23,for america
1020,23,that he
1021,23,am enjoy
1022,23,we love
1023,23,officers
1024,23,poll thank
1025,23,respected
1027,23,is no
1028,23,is a total
1029,23,amp vote
1030,23,awesome
1032,23,exciting
1033,23,law enforcement
1034,23,has no
1035,23,they have
1036,23,if he
1037,23,ready to
1038,23,reuters
1039,23,club
1040,23,pm enjoy
1042,23,the movement
1043,23,endorsed
1044,23,just got
1045,23,corrupt
1046,23,replace
1047,23,the republican party
1048,23,deals
1049,23,sunday
1050,23,treated
1051,23,republicans
1052,23,me for
1053,23,kaine
1054,23,oreillyfactor tonight
1056,23,trump has
1057,23,poll thank you
1058,23,seanhannity tonight
1059,22,is totally
1060,22,the real
1061,22,cnnpolitics
1062,22,iraq
1064,22,wall street
1065,22,on oreillyfactor
1066,22,on his
1069,22,the other
1071,22,with you
1072,22,rt drudgereport
1073,22,megyn
1074,22,on illegal
1075,22,voter
1076,22,hate
1077,22,mike
1078,22,future
1079,22,looks like
1080,22,vote trump
1081,22,packed
1082,22,elizabeth warren
1083,22,happened
1084,22,i want to
1085,22,should have
1086,22,dollars
1087,22,easy
1088,22,ben carson
1089,22,day in
1092,22,what is
1093,22,head
1095,22,nbcsnl
1096,22,bad judgement
1097,22,crime
1098,22,november
1099,22,super
1100,22,is doing
1101,22,honor to
1102,22,i hear
1103,22,on illegal immigration
1104,22,trump in
1105,22,lobbyists
1106,22,heard
1107,22,team
1108,22,the nice
1109,22,liar
1112,22,lyin ted cruz
1113,22,at pm enjoy
1114,22,at am enjoy
1115,22,and his
1116,22,fighting
1117,22,i had
1118,22,common
1119,22,dallas
1120,22,be president
1121,22,security
1122,22,and make
1123,22,calls
1124,22,realdonaldtrump great
1125,22,the race
1126,22,nomination
1127,21,online
1128,21,trump i
1129,21,the first
1130,21,has a
1131,21,huge
1132,21,weeks
1133,21,class
1134,21,great new
1136,21,reporter
1137,21,the nytimes
1138,21,time in
1139,21,ericbolling
1140,21,walker
1141,21,go trump
1142,21,fraud
1143,21,you new
1144,21,paid
1146,21,off the
1147,21,for my
1148,21,air
1149,21,of his
1150,21,a real
1152,21,goofy elizabeth
1153,21,georgia
1154,21,i have been
1155,21,set
1157,21,amnesty
1158,21,to say
1159,21,honored
1160,21,people who
1161,21,voted for
1162,21,joe
1163,21,out and vote
1164,21,he is a
1165,21,conference
1166,21,thanks for
1167,21,my vote
1169,21,in my
1170,21,lose
1171,21,afternoon
1172,21,obamas
1173,21,do not
1174,21,national poll
1175,21,thousands of
1176,21,out of the
1177,21,and all
1178,21,announced
1179,21,in his
1180,21,fox news
1181,21,i agree
1182,20,visit
1183,20,statements
1185,20,why does
1186,20,washingtonpost
1187,20,increase
1188,20,thank you new
1189,20,who has
1190,20,realdonaldtrump foxnews
1192,20,to draintheswamp
1193,20,foxandfriends at am
1194,20,over the
1195,20,tonight on
1196,20,macys
1197,20,policies
1198,20,mitt romney
1199,20,trump and
1200,20,win the
1201,20,lied
1203,20,tune in
1204,20,i know
1205,20,rallies
1206,20,america trump
1207,20,graham
1208,20,john kasich
1209,20,supertuesday
1210,20,like the
1211,20,to makeamericagreatagain
1212,20,god
1213,20,are so
1214,20,voting for
1215,20,back to
1217,20,caucus
1218,20,goofy elizabeth warren
1219,20,evangelicals
1220,20,white house
1221,20,including
1222,20,only candidate
1223,20,donlemon
1224,20,run for
1226,20,needs to
1227,20,elected
1228,20,have to
1229,20,one who
1230,20,i cant
1232,20,of your
1233,20,you for the
1235,20,losing
1236,20,drudge
1238,20,rubio is
1239,20,me i
1240,20,has done
1241,20,how can
1242,20,focus
1244,20,you i
1245,20,waste
1246,20,illegals
1249,20,government
1251,20,very nice
1252,20,made a
1253,20,lives
1254,20,the state
1255,20,in south
1256,20,for all of
1257,20,cnbc
1258,20,poll just
1259,20,stay
1260,20,silent
1261,20,the nation
1262,20,started
1263,20,can do
1264,20,weak on
1265,20,media is
1267,20,get it
1268,20,ac
1269,20,live in
1271,20,friday
1272,20,polling
1273,20,will makeamericagreatagain
1275,20,dopey
1276,20,radical islamic
1277,20,bought
1278,20,matter
1280,20,families
1282,19,president of
1283,19,of all
1285,19,canada
1286,19,because he
1287,19,prayers
1288,19,signed
1289,19,we the
1290,19,speech in
1291,19,greatly
1292,19,for the nice
1293,19,is that
1294,19,a great day
1295,19,funny
1296,19,nasty
1297,19,he should
1299,19,growth
1300,19,hillary and
1301,19,amazing people
1302,19,face the
1303,19,hall
1304,19,start
1305,19,a movement
1308,19,strength
1309,19,loser
1310,19,are all
1311,19,will bring
1312,19,russia
1313,19,senate
1314,19,in order
1315,19,chris wallace
1316,19,hillary clintons
1317,19,war
1318,19,vpdebate
1319,19,trump leads
1321,19,support of
1323,19,was not
1324,19,wallace
1325,19,hillary has
1327,19,believe that
1328,19,in south carolina
1329,19,able to
1331,19,comments
1332,19,a joke
1333,19,was so
1334,19,town
1335,19,to all of
1336,19,look at
1337,19,doesnt have
1338,19,very much
1339,19,father
1340,19,rnc
1341,19,america needs
1342,19,proud of you
1343,19,special interests
1345,19,thank you makeamericagreatagain
1346,19,i am in
1347,18,the only candidate
1348,18,my speech
1349,18,they will
1350,18,will be a
1351,18,in order to
1352,18,and great
1353,18,had a great
1354,18,register
1355,18,meetthepress
1356,18,meeting with
1357,18,frankluntz
1358,18,our great
1359,18,me to
1361,18,lead in
1362,18,pence
1363,18,core
1364,18,angry
1365,18,order to
1366,18,unfair
1367,18,majority
1368,18,chucktodd
1369,18,lot of
1370,18,saturday night
1372,18,israel
1373,18,proven
1374,18,in dc
1375,18,no more
1376,18,in the polls
1377,18,democrat
1379,18,we the people
1380,18,on morningjoe
1381,18,luck
1382,18,be doing
1383,18,a new
1384,18,piece
1386,18,much to
1387,18,dead
1388,18,clue
1389,18,golf
1390,18,great news
1392,18,i just
1393,18,presidency
1397,18,response
1398,18,terror
1399,18,keep up
1400,18,vp
1401,18,was just
1402,18,msm
1404,18,enjoy i
1405,18,hard to
1407,18,http rt
1408,18,danscavino realdonaldtrump
1409,18,great state
1410,18,ny
1411,18,night in
1412,18,am the
1413,18,and more
1414,18,was great
1415,17,has the
1416,17,city
1417,17,to it
1418,17,donald j
1419,17,dem
1420,17,again trump
1421,17,cnn poll
1422,17,standing
1423,17,going to be
1424,17,hispanics
1425,17,with trump
1427,17,getting ready
1428,17,children
1429,17,ted cruz is
1430,17,what you
1431,17,cnn is
1432,17,in our
1433,17,and we
1434,17,asktrump
1435,17,public
1436,17,this is a
1437,17,tired
1438,17,years of
1439,17,trump trump
1440,17,feel
1441,17,control
1442,17,attacks
1443,17,doing a
1444,17,absolutely
1445,17,spirit
1446,17,crowd in
1448,17,said no
1449,17,to vote for
1450,17,trump for president
1451,17,about my
1452,17,i love you
1453,17,for him
1455,17,hotel
1456,17,realdonaldtrump and
1457,17,telling
1458,17,she will
1459,17,breitbartnews
1460,17,which is
1462,17,face the nation
1463,17,dont want
1464,17,they were
1465,17,nominee
1466,17,lying
1467,17,in years
1468,17,time for
1469,17,hours
1471,17,our next president
1472,17,final
1475,17,listen
1476,17,the great state
1477,17,mittromney
1478,17,thehill
1479,17,weak on illegal
1480,17,question
1481,17,that crooked
1482,17,new book
1483,17,alabama
1484,17,of trump
1485,17,cleveland
1486,17,terrorists
1487,17,terrific
1488,17,son
1489,17,mention
1490,17,need a
1491,17,tpp
1492,17,middle
1493,17,great state of
1494,17,the white
1495,17,out the
1496,17,no longer
1497,17,tower
1498,17,is time
1499,17,careful
1500,17,seanhannity tonight at
1501,17,pushing
1502,17,again i
1503,17,all talk
1504,17,on a
1505,17,you are the
1506,17,the press
1507,17,great job on
1508,17,oann
1509,17,action
1510,17,rt donaldjtrumpjr
1511,17,turnberry
1512,17,nights
1513,17,a great honor
1514,17,like it
1515,17,going on
1516,17,continues
1518,17,expected
1520,17,on seanhannity tonight
1523,17,for years
1524,17,county
1525,16,and then
1526,16,poll realdonaldtrump
1527,16,deal with
1528,16,an amazing
1529,16,born
1530,16,drop
1531,16,last nights
1532,16,lindseygrahamsc
1533,16,country is
1535,16,some of
1536,16,you in
1537,16,credibility
1539,16,of realdonaldtrump
1540,16,of people
1541,16,i told
1542,16,we need to
1543,16,realbencarson
1544,16,amp i
1545,16,so far
1546,16,because of
1548,16,why is
1550,16,today in
1551,16,lets make
1552,16,great time
1553,16,west
1554,16,realdonaldtrumps
1555,16,on television
1556,16,other candidates
1558,16,husband
1559,16,a lot of
1560,16,easily
1561,16,i am the
1562,16,wednesday
1563,16,tomorrow night
1564,16,should not
1565,16,issues
1566,16,that she
1567,16,history of
1568,16,trump to
1569,16,it is time
1570,16,did a
1571,16,magazine
1572,16,kelly
1573,16,far more
1574,16,poor
1575,16,my wife
1576,16,great poll
1577,16,saturday night live
1578,16,night live
1579,16,dummy
1580,16,is very
1581,16,j trump
1582,16,of new
1583,16,said i
1585,16,written
1586,16,realdonaldtrump he
1587,16,university
1588,16,negative ads
1589,16,president trump
1590,16,allowed to
1591,16,piersmorgan
1592,16,morning enjoy
1593,16,build
1594,16,trump tower
1596,16,pick
1597,16,is just
1598,16,info
1599,16,pm on
1601,16,but i
1602,16,meet
1603,16,and is
1604,16,out amp vote
1605,16,wild
1607,16,who can
1608,16,no way
1609,16,tomorrow at pm
1611,16,be our
1613,16,special interest
1614,16,speaks
1615,16,you are a
1616,16,article
1617,16,going to win
1618,16,just announced
1619,16,has to
1620,16,put out
1621,16,success
1622,16,fired
1623,16,thats why
1624,16,donald j trump
1625,15,morning at
1626,15,the fact
1627,15,terrorist
1628,15,endorsement of
1629,15,rt foxandfriends
1630,15,came out
1631,15,very proud
1632,15,jobs and
1633,15,listen to
1634,15,network
1635,15,noon
1636,15,on tuesday
1637,15,fl
1638,15,realdonaldtrump cnn
1639,15,will be doing
1640,15,is weak
1642,15,ill be
1643,15,nafta
1644,15,it will be
1645,15,so badly
1646,15,tonight at pme
1647,15,will be the
1648,15,people in
1649,15,up to
1651,15,the country
1652,15,is right
1653,15,jaketapper
1654,15,legal
1655,15,barbarajwalters
1657,15,andersoncooper
1658,15,a true
1659,15,doubt
1660,15,putin
1661,15,caught
1662,15,that crooked hillary
1664,15,and now
1665,15,get a
1666,15,desperate
1667,15,louisiana
1668,15,lets make america
1669,15,common core
1670,15,club for
1671,15,in this
1672,15,does not
1673,15,foreign policy
1674,15,to be president
1675,15,in us
1676,15,reason
1678,15,tonights
1679,15,borntobegop
1680,15,its a
1681,15,we dont
1682,15,the gopdebate
1683,15,foxbusiness
1684,15,the white house
1685,15,arrived
1686,15,to be the
1687,15,that i am
1688,15,and will
1689,15,rncincle
1690,15,you believe
1692,15,democratic
1693,15,happening
1694,15,you and
1695,15,for donald
1696,15,vote in
1697,15,review
1698,15,marcorubio
1699,15,was amazing
1700,15,have no
1701,15,me and
1702,15,that was
1703,15,vote on
1704,15,why would
1705,15,of this
1707,15,big rally
1708,15,just like
1709,15,we need a
1710,15,going to make
1711,15,great to
1712,15,what i
1713,15,tried to
1714,15,the wall
1715,15,stamina
1716,15,jimmyfallon
1717,15,in the debate
1718,15,to use
1719,15,getting ready to
1720,15,bretbaier
1721,15,join the
1722,15,the man
1723,15,and make america
1724,15,john mccain
1725,15,she was
1726,15,on abc
1727,15,many of
1728,15,president of the
1729,15,credit
1730,15,the usa
1731,15,ap
1732,15,the dems
1733,15,so nice
1734,14,a fortune
1735,14,thank you so
1736,14,highly respected
1737,14,bobby
1739,14,destroy
1740,14,fiorina
1741,14,good luck
1742,14,they want
1743,14,thank you i
1744,14,learn
1745,14,late
1746,14,robert
1747,14,rate
1748,14,am going to
1749,14,exclusive
1750,14,continues to
1751,14,you all
1753,14,is a movement
1755,14,washington dc
1756,14,to keep
1757,14,career
1758,14,game
1759,14,tampa
1760,14,mind
1761,14,the wonderful
1762,14,night at
1763,14,ryan
1764,14,are doing
1765,14,rubio and
1766,14,refugees
1767,14,live from
1768,14,the election
1769,14,forward to it
1770,14,realdonaldtrump is the
1771,14,the very
1772,14,pres
1773,14,phoenix
1774,14,time to draintheswamp
1775,14,disgusting
1776,14,enjoyed
1778,14,raised
1779,14,pundits
1780,14,mayor
1781,14,you so much
1784,14,fool
1785,14,facebook
1786,14,on tv
1787,14,were great
1788,14,defeat
1789,14,scottwalker
1790,14,at all
1791,14,announced that
1792,14,is time to
1793,14,stories
1794,14,vote for trump
1795,14,fortune
1796,14,in the history
1797,14,people will
1798,14,i do
1799,14,to trump
1800,14,performance
1801,14,an honor
1802,14,brother
1803,14,here in
1804,14,back from
1805,14,official
1806,14,running for
1807,14,to hear
1808,14,trump we
1809,14,keep up the
1810,14,term
1811,14,rest
1812,14,great day in
1813,14,dishonest media
1814,14,a massive
1815,14,great again trump
1816,14,to stop
1817,14,in las
1818,14,paid for
1819,14,discuss
1820,14,my way
1821,14,just announced that
1822,14,polls are
1823,14,my friend
1824,14,be careful
1825,14,in las vegas
1827,14,frontrunner
1828,14,politically
1829,14,to help
1830,14,congratulations to
1831,14,trump carson
1832,14,my great
1833,14,tomorrow morning
1834,14,the media is
1835,14,foxnews realdonaldtrump
1836,14,presidential candidate
1837,14,be there
1838,14,just watched
1839,14,you mr
1840,14,people i
1841,14,as president
1842,14,favor
1843,14,appreciated
1844,14,selffunding
1845,14,hispanic
1847,14,landslide
1848,14,the great people
1849,14,that you
1850,14,down the
1851,14,gstephanopoulos
1852,14,on this
1853,14,club for growth
1854,14,maine
1855,14,i said no
1856,14,iowa poll
1857,14,that hillary
1859,14,you makeamericagreatagain trump
1860,14,health
1861,14,months
1862,14,talks
1863,14,field
1864,14,only one who
1865,14,ahead of
1866,14,the history
1868,14,melaniatrump
1869,14,answer
1870,14,am going
1871,14,is being
1872,14,realdonaldtrump was
1873,14,to show
1874,14,and very
1875,14,tennessee
1876,14,has just
1878,14,a great time
1879,14,was the
1880,14,realdonaldtrump on
1881,14,plans
1882,14,wait to
1883,14,for growth
1884,14,by far
1885,14,tired of
1886,14,that will
1888,14,received
1889,14,very good
1890,14,will have
1891,14,megynkelly realdonaldtrump
1892,14,at pm on
1894,14,a speech
1895,14,your nice
1896,14,he didnt
1897,14,you think
1898,14,lindsey
1899,14,realdonaldtrump has
1900,14,list
1901,14,cover
1902,14,debate bigleaguetruth
1904,13,in every
1905,13,secret
1906,13,foxnewssunday
1907,13,experience
1908,13,oil
1909,13,straight
1910,13,with my
1913,13,no action
1914,13,will soon
1915,13,very dishonest
1916,13,the donald
1917,13,miami
1918,13,the horrible
1919,13,love it
1920,13,realdonaldtrump thank
1921,13,got back
1922,13,created
1923,13,as well
1924,13,poll shows
1925,13,the todayshow
1926,13,controlled
1927,13,court
1928,13,i beat
1929,13,our vets
1930,13,fight for
1931,13,san
1932,13,will be going
1933,13,trump the
1934,13,donors
1935,13,the history of
1936,13,safe and
1937,13,for potus
1938,13,cruz and
1939,13,paper
1940,13,interviews
1941,13,protesters
1943,13,interview on
1945,13,clown
1946,13,this morning enjoy
1947,13,create
1948,13,playing
1949,13,if it
1950,13,release
1951,13,and get
1952,13,for the people
1953,13,and replace
1955,13,you america trump
1957,13,it like
1958,13,that ted
1959,13,for your nice
1960,13,shot
1961,13,at trump
1962,13,lets makeamericagreatagain
1963,13,and they
1964,13,scotland
1965,13,hillary said
1966,13,not have
1967,13,just another
1968,13,rove
1969,13,muslim
1971,13,issue
1972,13,i believe
1973,13,entire
1974,13,just got back
1975,13,economic
1976,13,join the movement
1977,13,share
1978,13,great evening
1979,13,hannity
1980,13,mississippi
1981,13,just arrived
1982,13,bc
1983,13,i told you
1984,13,a record
1985,13,every poll
1986,13,am on
1987,13,i am going
1989,13,debate last
1990,13,benghazi
1991,13,can you
1992,13,morningmika
1993,13,fallontonight
1994,13,clubgrowth
1996,13,is a disaster
1997,13,sir
1998,13,union
1999,13,much more
2000,13,tweets
2001,13,just had
2003,13,if the
2004,13,as i
2005,13,to fix
2006,13,clinton and
2007,13,who will
2008,13,weak and
2009,13,reports
2010,13,cant wait to
2011,13,letter
2012,13,wiprimary
2013,13,defend
2014,13,we want
2015,13,you mr trump
2016,13,write
2017,13,told you
2018,13,funding
2019,13,calling
2021,13,be going
2022,13,do a
2023,13,monday
2024,13,make it
2025,13,will get
2026,13,am the only
2027,13,americas
2028,13,michael
2029,13,when will
2030,13,on her
2031,13,thank you iowa
2032,13,of us
2033,13,worth
2034,13,you iowa
2035,13,we all
2036,13,editorial
2037,13,get tough
2038,13,krauthammer
2039,13,great new poll
2040,13,oreillyfactor tonight at
2041,13,if they
2042,13,of time
2043,13,smart and
2044,13,our veterans
2045,13,the establishment
2046,13,be great
2047,13,win and
2048,13,the crowd
2049,13,birthday
2050,13,that ted cruz
2051,13,tom
2053,13,bill clinton
2054,13,is he
2055,13,refuses
2056,13,it like it
2057,13,i never
2059,13,honored to
2060,13,trump thanks
2062,13,sense
2063,13,great again i
2064,13,book crippled america
2065,13,up for
2066,13,you the
2067,13,in colorado
2068,13,immigrants
2069,13,on my way
2070,13,has lost
2071,13,caucusfortrump
2072,13,victims
2073,13,was very
2074,13,instead of
2075,13,successful
2076,13,town hall
2077,13,is at
2078,13,supporting
2079,13,great people of
2080,13,book crippled
2081,13,diamondandsilk
2082,12,be able to
2083,12,to our
2084,12,leave
2085,12,politically correct
2086,12,fan
2087,12,nyprimary
2088,12,my new
2089,12,just arrived in
2090,12,womens
2091,12,the presidency
2092,12,ashamed
2093,12,in history
2094,12,run against
2095,12,talking about the
2096,12,raise
2097,12,the democrats
2098,12,totally biased
2099,12,on trump
2100,12,continue
2101,12,first time
2102,12,enjoy thank
2103,12,dope
2104,12,card
2105,12,realdonaldtrump for
2107,12,and no
2108,12,rapids
2109,12,be watching
2110,12,be able
2111,12,attacked
2112,12,the one
2114,12,knight
2115,12,cant wait for
2116,12,waste of
2117,12,to protect
2118,12,foxnews is
2119,12,bigger
2120,12,kentucky
2121,12,system is
2122,12,david
2123,12,overrated
2124,12,you we
2125,12,like it is
2126,12,watch the
2127,12,rights
2128,12,realdonaldtrump makeamericagreatagain
2129,12,and her
2130,12,repeal and replace
2131,12,great guy
2132,12,nice thank you
2133,12,is not a
2134,12,excellent
2136,12,wait for
2137,12,to be a
2138,12,care of
2139,12,spoke
2140,12,jeb is
2141,12,is an
2142,12,you to all
2143,12,his campaign
2144,12,enforcement officers
2146,12,gop debate
2147,12,agree with
2148,12,nothing about
2149,12,on wednesday
2150,12,of iowa
2151,12,massive crowd
2152,12,speeches
2153,12,supported
2155,12,complete
2156,12,he would
2157,12,silent majority
2159,12,in the us
2160,12,beach
2161,12,safe and great
2162,12,repeal and
2163,12,a wall
2164,12,illinois
2165,12,todays
2166,12,but he
2167,12,we will makeamericagreatagain
2168,12,of these
2169,12,arena
2170,12,justice
2171,12,kansas
2172,12,are now
2173,12,league
2174,12,the economy
2175,12,handle
2176,12,we love you
2177,12,of the united
2178,12,say that
2179,12,let the
2181,12,reading
2182,12,countries
2183,12,they would
2184,12,excited
2185,12,scott
2186,12,on oreillyfactor tonight
2187,12,honest
2188,12,all the way
2189,12,this is the
2190,12,got back from
2191,12,realdonaldtrump foxandfriends
2192,12,nuclear
2193,12,and have
2194,12,apprentice
2195,12,in pennsylvania
2196,12,breaking
2197,12,get the
2198,12,ads on
2199,12,arrived in
2200,12,fact that
2201,12,it to
2203,12,nyc
2204,12,what he
2205,12,off to
2206,12,refuses to
2207,12,in virginia
2208,12,donaldtrump is
2209,12,advertising
2210,12,you on
2211,12,dont let
2212,12,the nice words
2213,12,the clinton
2214,12,america safe and
2215,12,enjoy thank you
2217,12,the dishonest
2218,12,a terrible
2219,12,nothing to
2220,12,lightweight senator
2221,12,brought
2222,12,and great again
2224,12,nice thank
2225,12,foxnews megynkelly
2226,12,and has
2227,12,afraid
2228,12,check out
2229,12,liberal
2230,12,glennbeck
2231,12,notice
2232,12,amendment
2233,12,nytimes is
2234,12,trust
2235,12,beating
2237,12,hope you
2238,12,being in
2240,12,a chance
2241,12,company
2242,12,i can
2243,12,with all
2244,12,follow
2245,12,httpstcokwolibaw
2247,12,good morning
2248,12,heart
2250,12,paul ryan
2251,12,httpt
2252,12,i wont
2253,12,run for president
2254,12,night on
2255,11,met
2257,11,debatenight
2259,11,ridiculous
2260,11,jobs back
2261,11,barbara
2262,11,very weak
2263,11,the other candidates
2264,11,now he
2265,11,carly
2266,11,trump realdonaldtrump
2267,11,facethenation
2268,11,word is
2269,11,politicians are
2270,11,love the
2271,11,for his
2272,11,it and
2273,11,the middle
2274,11,birthday to
2275,11,the endorsement
2276,11,wrote
2277,11,muslims
2278,11,stupid
2279,11,your vote
2280,11,tomorrow in
2282,11,be allowed
2283,11,is a joke
2284,11,hates
2285,11,the just
2286,11,its not
2287,11,realdonaldtrump trump is
2288,11,copy of
2289,11,that trump
2290,11,great night
2291,11,but the
2292,11,jebs
2293,11,to give
2294,11,dying
2295,11,campaign is
2296,11,had to
2297,11,rock
2298,11,of their
2299,11,drop out
2301,11,just landed
2302,11,coming to
2303,11,and people
2304,11,we had
2305,11,he wants
2306,11,the rest
2307,11,was right
2308,11,the right
2309,11,this time
2310,11,on immigration
2311,11,a fantastic
2312,11,and am
2313,11,i get
2314,11,that we
2315,11,borntobegop realdonaldtrump
2316,11,leaving for
2317,11,what a great
2318,11,all americans
2319,11,reuters poll
2320,11,on saturday
2321,11,wikileaks
2322,11,it again
2323,11,in wisconsin
2324,11,missed
2325,11,make a
2326,11,in favor
2327,11,more years
2328,11,and your
2329,11,your nice words
2330,11,me at
2331,11,i see
2332,11,private
2333,11,in texas
2334,11,at a
2335,11,will vote
2336,11,realdonaldtrump you are
2338,11,bigleaguetruth debates
2339,11,service
2340,11,fix it
2341,11,of the race
2342,11,know that
2343,11,the money
2344,11,cut
2345,11,gma
2346,11,based
2347,11,is the most
2348,11,star
2350,11,force
2351,11,opponents
2352,11,very proud of
2353,11,double
2356,11,having a
2357,11,was an
2358,11,the good
2359,11,everyone else
2360,11,syrian
2361,11,in politics
2362,11,to new
2363,11,now in
2364,11,you for all
2365,11,it up
2366,11,of the people
2367,11,landed
2368,11,you new hampshire
2369,11,karl
2370,11,for us
2371,11,do the
2372,11,amp great
2373,11,i look
2374,11,congrats
2375,11,sold
2376,11,maga tickets
2377,11,wayne
2378,11,the fact that
2379,11,join me live
2380,11,crowd of
2381,11,but they
2382,11,lindsey graham
2383,11,waiting
2384,11,it for
2385,11,for hillary
2386,11,planned
2387,11,is all
2388,11,work for
2389,11,they dont
2390,11,idea
2391,11,paris
2392,11,law enforcement officers
2393,11,has me
2394,11,night thank you
2395,11,on your
2396,11,native
2397,11,i cant wait
2398,11,is really
2399,11,it out
2400,11,me live
2401,11,legendary
2402,11,brilliant
2403,11,weekend
2404,11,great crowd
2405,11,a wonderful
2406,11,people that
2407,11,realdonaldtrump thank you
2408,11,enjoy i will
2409,11,in nh
2410,11,how many
2411,11,a trump
2412,11,in trump
2413,11,realdonaldtrump mr
2414,11,professional
2415,11,realdonaldtrump to
2416,11,response to
2417,11,about trump
2418,11,night thank
2419,11,primaries
2420,11,been a
2421,11,favor of
2422,11,is trying
2423,11,will beat
2425,11,criminal
2426,11,trump will be
2427,11,first place
2428,11,marco rubio is
2429,11,trail
2430,11,support trump
2431,11,explain
2432,11,to save
2433,11,on realdonaldtrump
2434,11,live on
2435,11,america is
2436,11,the ratings
2437,11,of money
2438,11,good for
2439,11,marklevinshow
2440,11,even though
2441,11,dnc
2442,11,with chris
2443,11,scandal
2444,11,with me
2445,11,newday
2446,11,citizen
2447,11,what the
2448,11,rigged system
2449,11,trump you
2450,11,donald trumps
2451,11,have done
2452,11,hour
2453,11,the debate last
2454,11,speech on
2456,11,reported
2457,11,haters
2458,11,her husband
2459,11,see the
2460,11,when you
2461,11,be on foxandfriends
2462,11,education
2463,11,guns
2464,11,bosses
2465,11,administration
2466,11,and he
2467,11,all time
2468,11,clewandowski
2470,11,story on
2471,11,hits
2473,11,people will be
2474,11,in sc
2475,11,much to talk
2476,11,in favor of
2478,11,of me
2479,11,realdonaldtrump oreillyfactor
2480,11,cnn realdonaldtrump
2481,11,saying i
2482,11,a clue
2483,11,for her
2484,11,and that
2485,11,corruption
2487,11,disgrace
2488,11,country needs
2489,11,will be there
2490,11,could not
2491,11,my supporters
2492,11,utah
2493,11,ineffective
2494,11,on meetthepress
2495,11,senator marco
2496,11,on november
2497,11,this election
2498,11,who have
2499,11,in your
2500,11,oklahoma
2501,11,congress
2502,11,play
2503,11,are in
2504,11,should not be
2505,11,where we
2506,11,what we
